Case,CEV_BA,Lambda,WelfareChange_A_to_B_keep_dist,WelfareChange_across_SS
Durable FCost 1,-0.5422931954223753,1.1848047483646384,-141.93708076119725,-118.48047483646384
Durable FCost 2,-0.7043429469587312,2.3822971233512793,-133.6576816104945,-238.22971233512794
Durable FCost 3,-0.026255910631520996,0.026963871635461434,-3.552105890235166,-2.69638716354614
Fixed ER,-0.026255910571032604,0.02696387157166713,-3.552105883819576,-2.6963871571667135
High Volatility,0.0448624004160072,-0.042936180302923566,9.868499156199729,4.29361803029236
